<?xml version="1.0" encoding="UTF-8"?>
<!DOCTYPE suite SYSTEM "https://testng.org/testng-1.0.dtd">
<suite name="Suite" parallel="tests" thread-count="2">
	<listeners>
        <listener class-name="utilities.TestListener"/>
    </listeners>
  <test thread-count="5" name="Chrome Tests">
  	<parameter name="browser" value="chrome"/>
    <classes>
      <class name="testCases.TC002_LoginTest"/>
    </classes>
  </test> <!-- Test -->
  <test thread-count="5" name="Firefox Tests">
  	<parameter name="browser" value="firefox"/>
    <classes>
      <class name="testCases.TC002_LoginTest"/>
    </classes>
  </test>
</suite> <!-- Suite -->
